line,tri,source
0,"[{'h': 'a movie', 't': 'David Lyons', 'r': 'feature', 'c': 0.09847640618681901}, {'h': 'Cactus', 't': 'David Lyons', 'r': 'feature', 'c': 0.076486719772219}, {'h': 'Cactus', 't': 'the lead roles', 'r': 'feature', 'c': 0.068804087117314}, {'h': 'a movie', 't': 'the lead roles', 'r': 'feature', 'c': 0.09079377353191301}, {'h': 'The movie', 't': 'Bob Ellis', 'r': 'write', 'c': 0.098701670765876}, {'h': 'The movie', 't': 'Black Francis', 'r': 'write', 'c': 0.103122103959321}, {'h': 'The movie', 't': 'two writers', 'r': 'write', 'c': 0.16628103703260402}]","Cactus is a movie that features David Lyons in one of the lead roles. The movie was written by two writers, Black Francis and Bob Ellis."
1,"[{'h': 'The movie', 't': 'a talented cast', 'r': 'feature', 'c': 0.075691252946853}, {'h': 'The movie', 't': 'Éric Savin', 'r': 'feature', 'c': 0.037744827568531}, {'h': 'The movie', 't': 'a talented cast', 'r': 'cage', 'c': 0.06400274485349601}, {'h': 'The movie', 't': 'Betty Garde', 'r': 'feature', 'c': 0.044168783351778006}, {'h': 'The movie', 't': 'Victor Reinier', 'r': 'feature', 'c': 0.039857747033238}, {'h': 'The movie', 't': 'Victor Reinier', 'r': 'cage', 'c': 0.056254060938954006}, {'h': 'The movie', 't': 'Betty Garde', 'r': 'cage', 'c': 0.059174405410885006}, {'h': 'The movie', 't': 'Éric Savin', 'r': 'cage', 'c': 0.049781651236116005}, {'h': 'The movie', 't': 'Angela Sarafyan', 'r': 'cage', 'c': 0.048054200597107}, {'h': 'The movie', 't': 'Angela Sarafyan', 'r': 'feature', 'c': 0.037858790718019}]","The movie ""Caged"" features a talented cast including Betty Garde, Victor Reinier, Éric Savin, and Angela Sarafyan."
2,"[{'h': 'The movie ""Cake', 't': 'a star-studded cast', 'r': 'feature', 'c': 0.077291142195463}, {'h': 'The movie ""Cake', 't': 'Sam Worthington', 'r': 'feature', 'c': 0.05023013241589001}, {'h': 'The movie ""Cake', 't': 'Sandra Oh', 'r': 'feature', 'c': 0.042069812305271}, {'h': 'The movie ""Cake', 't': 'Sanam Saeed', 'r': 'feature', 'c': 0.041452126577496}, {'h': 'addition', 't': 'an artist', 'r': 'credit', 'c': 0.068641193211078}, {'h': 'addition', 't': 'the musical talents', 'r': 'feature', 'c': 0.08896397054195401}, {'h': 'addition', 't': 'Flo Rida', 'r': 'feature', 'c': 0.046336231753230005}, {'h': 'addition', 't': 'an artist', 'r': 'feature', 'c': 0.057865057140588004}, {'h': 'these notable actors', 't': 'the musical talents', 'r': 'feature', 'c': 0.086134921759366}, {'h': 'these notable actors', 't': 'an artist', 'r': 'feature', 'c': 0.055036008358001}, {'h': 'these notable actors', 't': 'Flo Rida', 'r': 'feature', 'c': 0.043507182970643}, {'h': 'these notable actors', 't': 'an artist', 'r': 'credit', 'c': 0.074353676289319}, {'h': 'the film', 't': 'the musical talents', 'r': 'feature', 'c': 0.09285769984126001}, {'h': 'the film', 't': 'Flo Rida', 'r': 'feature', 'c': 0.05022996105253601}, {'h': 'the film', 't': 'an artist', 'r': 'credit', 'c': 0.06556413695216101}, {'h': 'the film', 't': 'an artist', 'r': 'feature', 'c': 0.061758786439895005}, {'h': 'Flo Rida', 't': 'an artist', 'r': 'credit', 'c': 0.05685812793672}, {'h': 'the musical talents', 't': 'an artist', 'r': 'credit', 'c': 0.070404533296823}]","The movie ""Cake"" features a star-studded cast, including Sam Worthington, Sanam Saeed, and Sandra Oh. In addition to these notable actors, the film also features the musical talents of Flo Rida, who is credited as an artist."
3,"[{'h': 'Louis Malle', 't': 'its stars', 'r': 'feature', 'c': 0.060099536553025}, {'h': 'a movie', 't': 'its stars', 'r': 'feature', 'c': 0.060312611982226004}, {'h': 'a movie', 't': 'Gail Russell', 'r': 'feature', 'c': 0.06012802757322701}, {'h': 'Louis Malle', 't': 'Gail Russell', 'r': 'feature', 'c': 0.05991495214402601}, {'h': 'Calcutta', 't': 'Gail Russell', 'r': 'feature', 'c': 0.055060716345906}, {'h': 'Calcutta', 't': 'its stars', 'r': 'feature', 'c': 0.055245300754904005}, {'h': 'The screenplay', 't': 'Heino Gaze', 'r': 'write', 'c': 0.073561854660511}, {'h': 'this film', 't': 'Heino Gaze', 'r': 'write', 'c': 0.10080797225236801}]","Calcutta, a movie directed by Louis Malle, features Gail Russell as one of its stars. The screenplay for this film was written by Heino Gaze."
5,"[{'h': 'California', 't': 'Faith Domergue', 'r': 'star', 'c': 0.09174283221364}, {'h': 'a movie', 't': 'Faith Domergue', 'r': 'star', 'c': 0.126612979918718}, {'h': 'California', 't': 'Barry Fitzgerald', 'r': 'star', 'c': 0.101028740406036}, {'h': 'a movie', 't': 'Barry Fitzgerald', 'r': 'star', 'c': 0.135898888111114}, {'h': 'the movie', 't': 'musical contributions', 'r': 'feature', 'c': 0.119855903089046}, {'h': 'the movie', 't': 'Joni Mitchell', 'r': 'feature', 'c': 0.056563585996627}, {'h': 'the movie', 't': 'artists', 'r': 'feature', 'c': 0.1000552251935}, {'h': 'the movie', 't': 'writers', 'r': 'feature', 'c': 0.057321704924106}, {'h': 'the movie', 't': 'Lenny Kravitz', 'r': 'feature', 'c': 0.050382010638713004}, {'h': 'the movie', 't': 'Usher', 'r': 'feature', 'c': 0.048549756407737}, {'h': 'the movie', 't': 'writers', 'r': 'work', 'c': 0.043285295367240004}, {'h': 'the movie', 't': 'the project', 'r': 'feature', 'c': 0.071471378207206}, {'h': 'the movie', 't': 'the project', 'r': 'work', 'c': 0.037267729640007005}, {'h': 'musical contributions', 't': 'writers', 'r': 'work', 'c': 0.042386289685964}, {'h': 'musical contributions', 't': 'the project', 'r': 'work', 'c': 0.036368723958730004}, {'h': 'artists', 't': 'writers', 'r': 'work', 'c': 0.040449391119182006}, {'h': 'artists', 't': 'the project', 'r': 'work', 'c': 0.034431825391948}, {'h': 'Joni Mitchell', 't': 'writers', 'r': 'work', 'c': 0.043958272784948}, {'h': 'Joni Mitchell', 't': 'the project', 'r': 'work', 'c': 0.037940707057714004}, {'h': 'Lenny Kravitz', 't': 'writers', 'r': 'work', 'c': 0.04589107446372501}, {'h': 'Lenny Kravitz', 't': 'the project', 'r': 'work', 'c': 0.039873508736491}, {'h': 'Usher', 't': 'writers', 'r': 'work', 'c': 0.048205934464931}, {'h': 'Usher', 't': 'the project', 'r': 'work', 'c': 0.042188368737697005}]","The movie ""Calendar Girl"" had three producers, including Penny Marshall and Kikka Hanazawa. Richard Sale was the writer for the film."
6,"[{'h': 'The hit song', 't': 'Deee-Lite', 'r': 'call', 'c': 0.044832326471805004}, {'h': 'The hit song', 't': 'Anna Vissi', 'r': 'perform', 'c': 0.05386974196881}, {'h': 'The hit song', 't': 'Deee-Lite', 'r': 'perform', 'c': 0.051896599121391}, {'h': 'The hit song', 't': 'Me', 'r': 'call', 'c': 0.094764277338981}, {'h': 'The hit song', 't': 'Anna Vissi', 'r': 'call', 'c': 0.049798915162682006}, {'h': 'The hit song', 't': 'Blondie', 'r': 'perform', 'c': 0.05509250331670001}, {'h': 'The hit song', 't': 'Blondie', 'r': 'call', 'c': 0.051909942179918005}, {'h': 'The hit song', 't': 'various artists', 'r': 'perform', 'c': 0.111277416348457}, {'h': 'The hit song', 't': 'Pandora', 'r': 'call', 'c': 0.042612241581082004}, {'h': 'The hit song', 't': 'Pandora', 'r': 'perform', 'c': 0.051353839226067004}, {'h': 'The hit song', 't': 'various artists', 'r': 'call', 'c': 0.05194595083594301}, {'h': 'The hit song', 't': 'Jamelia', 'r': 'perform', 'c': 0.052121894434094006}, {'h': 'The hit song', 't': 'Jamelia', 'r': 'call', 'c': 0.04584842734038801}, {'h': 'The hit song', 't': 'Skyy', 'r': 'call', 'c': 0.059805061668157}, {'h': 'The hit song', 't': 'Skyy', 'r': 'perform', 'c': 0.070681618526577}, {'h': 'Me', 't': 'various artists', 'r': 'perform', 'c': 0.08734056726098001}, {'h': 'Me', 't': 'Deee-Lite', 'r': 'perform', 'c': 0.027959750033915}, {'h': 'Me', 't': 'Blondie', 'r': 'perform', 'c': 0.031155654229223003}, {'h': 'Me', 't': 'Anna Vissi', 'r': 'perform', 'c': 0.029932892881333002}, {'h': 'Me', 't': 'Jamelia', 'r': 'perform', 'c': 0.028185045346617}, {'h': 'Me', 't': 'Pandora', 'r': 'perform', 'c': 0.027416990138590003}, {'h': 'Me', 't': 'Skyy', 'r': 'perform', 'c': 0.046744769439101004}, {'h': 'The song', 't': 'Arif Mardin', 'r': 'produce', 'c': 0.103811353445053}, {'h': 'The song', 't': 'Amir Esmailian', 'r': 'produce', 'c': 0.098503643646836}, {'h': 'Arif Mardin', 't': 'Amir Esmailian', 'r': 'write', 'c': 0.039690095931291004}, {'h': 'Arif Mardin', 't': 'Missy Elliott', 'r': 'write', 'c': 0.041962925344705006}, {'h': 'The song', 't': 'Missy Elliott', 'r': 'produce', 'c': 0.101184567436575}, {'h': 'The song', 't': 'Peter Cox', 'r': 'write', 'c': 0.075383465737104}, {'h': 'The song', 't': 'Missy Elliott', 'r': 'write', 'c': 0.066570924594998}, {'h': 'The song', 't': 'Peter Cox', 'r': 'produce', 'c': 0.10270468704402401}, {'h': 'The song', 't': 'Amir Esmailian', 'r': 'write', 'c': 0.06429809518158401}, {'h': 'Arif Mardin', 't': 'Peter Cox', 'r': 'write', 'c': 0.050775466486811006}, {'h': 'The movie', 't': 'Me', 'r': 'call', 'c': 0.12248666211962701}, {'h': 'The movie', 't': 'a starring role', 'r': 'call', 'c': 0.076828645542263}, {'h': 'The movie', 't': 'actor Sam Freed', 'r': 'call', 'c': 0.09605803340673401}, {'h': 'Me', 't': 'a starring role', 'r': 'feature', 'c': 0.066076178103685}, {'h': 'The movie', 't': 'a starring role', 'r': 'feature', 'c': 0.076285775750875}, {'h': 'The movie', 't': 'actor Sam Freed', 'r': 'feature', 'c': 0.07472793012857401}, {'h': 'Me', 't': 'actor Sam Freed', 'r': 'feature', 'c': 0.064518332481384}]","California is a movie that stars Barry Fitzgerald and Faith Domergue. The movie's producer is Big Kenny, while Peter Bernhard Kyne is one of its writers. Additionally, the movie features musical contributions from artists Joni Mitchell, Lenny Kravitz, and Usher, all of whom also worked as writers on the project."
7,"[{'h': 'My Name', 't': 'its creation', 'r': 'involve', 'c': 0.085821839049458}, {'h': 'three notable artists', 't': 'its creation', 'r': 'involve', 'c': 0.115107648074626}, {'h': 'The movie', 't': 'three notable artists', 'r': 'call', 'c': 0.077945757657289}, {'h': 'The movie', 't': 'My Name', 'r': 'call', 'c': 0.138966921716928}, {'h': 'The movie', 't': 'its creation', 'r': 'involve', 'c': 0.092691082507371}, {'h': 'The movie', 't': 'its creation', 'r': 'call', 'c': 0.071764599531888}, {'h': 'Eg White', 't': 'writers', 'r': 'credit', 'c': 0.09356782399117901}, {'h': 'Eg White', 't': 'the movie', 'r': 'credit', 'c': 0.0519276894629}, {'h': 'Eg White', 't': 'the screenplay', 'r': 'imply', 'c': 0.054400898516178006}, {'h': 'Eg White', 't': 'the screenplay', 'r': 'contribute', 'c': 0.058075773529708004}, {'h': 'Eg White', 't': 'they', 'r': 'imply', 'c': 0.057153616100549004}, {'h': 'Eg White', 't': 'they', 'r': 'credit', 'c': 0.035122031345963}, {'h': 'Eg White', 't': 'the screenplay', 'r': 'credit', 'c': 0.046291669830679005}, {'h': 'Eg White', 't': 'script', 'r': 'imply', 'c': 0.054863091558218}, {'h': 'Eg White', 't': 'script', 'r': 'contribute', 'c': 0.049330520443618006}, {'h': 'Eg White', 't': 'script', 'r': 'credit', 'c': 0.045204067602753}, {'h': 'Dieter Bohlen', 't': 'writers', 'r': 'credit', 'c': 0.093929421156644}, {'h': 'Dieter Bohlen', 't': 'they', 'r': 'credit', 'c': 0.035483628511428}, {'h': 'Dieter Bohlen', 't': 'they', 'r': 'imply', 'c': 0.046076618134975}, {'h': 'Dieter Bohlen', 't': 'the screenplay', 'r': 'credit', 'c': 0.046653266996145006}, {'h': 'Dieter Bohlen', 't': 'the screenplay', 'r': 'contribute', 'c': 0.056143721565604}, {'h': 'Dieter Bohlen', 't': 'the screenplay', 'r': 'imply', 'c': 0.043323900550603006}, {'h': 'Dieter Bohlen', 't': 'script', 'r': 'contribute', 'c': 0.047398468479514004}, {'h': 'Dieter Bohlen', 't': 'script', 'r': 'imply', 'c': 0.043786093592643}, {'h': 'Dieter Bohlen', 't': 'script', 'r': 'credit', 'c': 0.045565664768218}, {'h': 'Dieter Bohlen', 't': 'the movie', 'r': 'credit', 'c': 0.052289286628365}, {'h': 'writers', 't': 'the screenplay', 'r': 'contribute', 'c': 0.08201932534575401}, {'h': 'writers', 't': 'they', 'r': 'imply', 'c': 0.05789687857031801}, {'h': 'writers', 't': 'the screenplay', 'r': 'imply', 'c': 0.055144160985946}, {'h': 'writers', 't': 'script', 'r': 'contribute', 'c': 0.07327407225966401}, {'h': 'writers', 't': 'script', 'r': 'imply', 'c': 0.055606354027986006}, {'h': 'the movie', 't': 'they', 'r': 'imply', 'c': 0.069078899919986}, {'h': 'the movie', 't': 'the screenplay', 'r': 'contribute', 'c': 0.071602053940296}, {'h': 'the movie', 't': 'the screenplay', 'r': 'imply', 'c': 0.066326182335615}, {'h': 'the movie', 't': 'script', 'r': 'imply', 'c': 0.066788375377655}, {'h': 'the movie', 't': 'script', 'r': 'contribute', 'c': 0.062856800854206}, {'h': 'they', 't': 'the screenplay', 'r': 'contribute', 'c': 0.105140559375286}, {'h': 'they', 't': 'script', 'r': 'contribute', 'c': 0.09639530628919601}, {'h': 'the Dark', 't': 'the movie', 'r': 'play', 'c': 0.068527605384588}, {'h': 'the Dark', 't': 'artistic contributions', 'r': 'play', 'c': 0.06848150491714401}, {'h': 'the band Orchestral Manoeuvres', 't': 'artistic contributions', 'r': 'provide', 'c': 0.10814208909869101}, {'h': 'the band Orchestral Manoeuvres', 't': 'artistic contributions', 'r': 'play', 'c': 0.053667459636926006}, {'h': 'the band Orchestral Manoeuvres', 't': 'the movie', 'r': 'play', 'c': 0.053713560104370006}, {'h': 'a role', 't': 'artistic contributions', 'r': 'provide', 'c': 0.12320057116448802}, {'h': 'the movie', 't': 'artistic contributions', 'r': 'provide', 'c': 0.127169329673051}, {'h': 'the Dark', 't': 'artistic contributions', 'r': 'provide', 'c': 0.11671351641416501}, {'h': 'the Dark', 't': 'a role', 'r': 'play', 'c': 0.12428533285856201}, {'h': 'the band Orchestral Manoeuvres', 't': 'a role', 'r': 'play', 'c': 0.10947128757834401}, {'h': 'what specific contributions', 't': 'other creative elements', 'r': 'provide', 'c': 0.07155513204634101}, {'h': 'what specific contributions', 't': 'music', 'r': 'provide', 'c': 0.075918214395642}, {'h': 'what specific contributions', 't': 'the movie', 'r': 'provide', 'c': 0.051572585478425005}, {'h': 'the band', 't': 'music', 'r': 'provide', 'c': 0.06725598126649801}, {'h': 'the band', 't': 'other creative elements', 'r': 'provide', 'c': 0.062892898917198}, {'h': 'the band', 't': 'the movie', 'r': 'provide', 'c': 0.042910352349281006}, {'h': 'they', 't': 'other creative elements', 'r': 'provide', 'c': 0.09773597493767701}, {'h': 'they', 't': 'music', 'r': 'provide', 'c': 0.102099057286977}, {'h': 'they', 't': 'the movie', 'r': 'provide', 'c': 0.07775342836976}, {'h': 'these three artists', 't': 'the creation', 'r': 'play', 'c': 0.054131187498569}, {'h': 'these three artists', 't': 'crucial roles', 'r': 'play', 'c': 0.14021897315979}, {'h': 'these three artists', 't': ""the movie's production"", 'r': 'note', 'c': 0.046216757968068005}, {'h': 'these three artists', 't': 'My Name', 'r': 'call', 'c': 0.08359644562005901}, {'h': 'these three artists', 't': ""the movie's production"", 'r': 'play', 'c': 0.056586524471640004}, {'h': 'these three artists', 't': 'My Name', 'r': 'play', 'c': 0.049075201153755}, {'h': 'these three artists', 't': ""the movie's production"", 'r': 'worth', 'c': 0.048013510182499004}, {'h': 'these three artists', 't': ""the movie's production"", 'r': 'discuss', 'c': 0.053003713488578005}, {'h': 'these three artists', 't': ""the movie's production"", 'r': 'call', 'c': 0.029177892021834004}, {'h': 'crucial roles', 't': ""the movie's production"", 'r': 'discuss', 'c': 0.054331511259078}, {'h': 'crucial roles', 't': ""the movie's production"", 'r': 'worth', 'c': 0.050439549610018}, {'h': 'crucial roles', 't': ""the movie's production"", 'r': 'note', 'c': 0.048541890457272}, {'h': 'the creation', 't': 'My Name', 'r': 'call', 'c': 0.091821584850549}, {'h': 'crucial roles', 't': 'My Name', 'r': 'call', 'c': 0.090396508574485}, {'h': 'crucial roles', 't': ""the movie's production"", 'r': 'call', 'c': 0.03597795497626}, {'h': 'the creation', 't': ""the movie's production"", 'r': 'discuss', 'c': 0.048717113211750006}, {'h': 'My Name', 't': ""the movie's production"", 'r': 'worth', 'c': 0.05492175742983801}, {'h': 'the creation', 't': ""the movie's production"", 'r': 'call', 'c': 0.037403031252324005}, {'h': 'the creation', 't': ""the movie's production"", 'r': 'note', 'c': 0.044999651610851}, {'h': 'the creation', 't': ""the movie's production"", 'r': 'worth', 'c': 0.0472570117563}, {'h': 'My Name', 't': ""the movie's production"", 'r': 'discuss', 'c': 0.04585657827556101}, {'h': 'My Name', 't': ""the movie's production"", 'r': 'note', 'c': 0.043926209211349}]","The hit song ""Call Me"" has been performed by various artists, including Blondie, Deee-Lite, Anna Vissi, Pandora, Jamelia, and Skyy. The song was produced by Arif Mardin and written by Peter Cox, Missy Elliott, and Amir Esmailian. The movie ""Call Me"" features actor Sam Freed in a starring role."
8,"[{'h': 'a movie', 't': 'the talented George O. Petrie', 'r': 'feature', 'c': 0.07891369611024801}, {'h': 'the Police', 't': 'a starring role', 'r': 'feature', 'c': 0.06919839233160001}, {'h': 'a movie', 't': 'a starring role', 'r': 'feature', 'c': 0.082287292927503}, {'h': 'the Police', 't': 'the talented George O. Petrie', 'r': 'feature', 'c': 0.065824795514345}, {'h': ""The film's script"", 't': 'two individuals', 'r': 'write', 'c': 0.08465479314327201}, {'h': ""The film's script"", 't': 'Eric Turner', 'r': 'write', 'c': 0.059590814635157}, {'h': ""The film's script"", 't': 'this exciting story', 'r': 'bring', 'c': 0.060630414634943}, {'h': ""The film's script"", 't': 'this exciting story', 'r': 'write', 'c': 0.06621385551989001}, {'h': ""The film's script"", 't': 'this exciting story', 'r': 'contribute', 'c': 0.056248661130666004}, {'h': ""The film's script"", 't': 'Al Doyle', 'r': 'write', 'c': 0.060329759493470005}, {'h': ""The film's script"", 't': 'the big screen', 'r': 'write', 'c': 0.057011762633919}, {'h': ""The film's script"", 't': 'the big screen', 'r': 'bring', 'c': 0.036514131352305}, {'h': ""The film's script"", 't': 'the big screen', 'r': 'contribute', 'c': 0.044094033539295}, {'h': 'two individuals', 't': 'this exciting story', 'r': 'contribute', 'c': 0.06358280032873101}, {'h': 'two individuals', 't': 'this exciting story', 'r': 'bring', 'c': 0.067709531635046}, {'h': 'two individuals', 't': 'the big screen', 'r': 'contribute', 'c': 0.05142817273736}, {'h': 'two individuals', 't': 'the big screen', 'r': 'bring', 'c': 0.04359324835240801}, {'h': 'Al Doyle', 't': 'this exciting story', 'r': 'bring', 'c': 0.055203445255756003}, {'h': 'Al Doyle', 't': 'this exciting story', 'r': 'contribute', 'c': 0.049733534455299}, {'h': 'Al Doyle', 't': 'the big screen', 'r': 'bring', 'c': 0.031087161973118}, {'h': 'Al Doyle', 't': 'the big screen', 'r': 'contribute', 'c': 0.037578906863927}, {'h': 'Eric Turner', 't': 'this exciting story', 'r': 'bring', 'c': 0.060139436274766006}, {'h': 'Eric Turner', 't': 'this exciting story', 'r': 'contribute', 'c': 0.056599915027618006}, {'h': 'Eric Turner', 't': 'the big screen', 'r': 'bring', 'c': 0.036023152992129}, {'h': 'Eric Turner', 't': 'the big screen', 'r': 'contribute', 'c': 0.044445287436246005}]","The movie ""Call My Name"" has three notable artists involved in its creation. Eg White and Dieter Bohlen are both credited as writers for the movie, which implies that they likely contributed to the screenplay or script. Additionally, the band Orchestral Manoeuvres in the Dark played a role in the movie by providing artistic contributions. It is unclear what specific contributions the band made, but it is likely that they provided music or other creative elements to the movie. Overall, these three artists played crucial roles in the creation of ""Call My Name"" and are worth noting when discussing the movie's production."
9,"[{'h': 'The song', 't': 'Me', 'r': 'call', 'c': 0.09820074588060301}, {'h': 'The song', 't': 'three artists', 'r': 'create', 'c': 0.13186558336019502}, {'h': 'The song', 't': 'Starley', 'r': 'call', 'c': 0.064984519034624}, {'h': 'The song', 't': 'LRoc', 'r': 'call', 'c': 0.06449464522302101}, {'h': 'The song', 't': 'Starley', 'r': 'create', 'c': 0.06109600886702501}, {'h': 'The song', 't': 'three artists', 'r': 'call', 'c': 0.068208886310458}, {'h': 'The song', 't': 'LRoc', 'r': 'create', 'c': 0.060718392021954004}, {'h': 'The song', 't': 'Steve Winwood', 'r': 'call', 'c': 0.07043644785881001}, {'h': 'The song', 't': 'Steve Winwood', 'r': 'create', 'c': 0.065482223406434}, {'h': 'Me', 't': 'three artists', 'r': 'create', 'c': 0.11253472231328401}, {'h': 'Me', 't': 'LRoc', 'r': 'create', 'c': 0.041387530975043}, {'h': 'Me', 't': 'Steve Winwood', 'r': 'create', 'c': 0.046151362359523}, {'h': 'Me', 't': 'Starley', 'r': 'create', 'c': 0.041765147820115006}]","Call the Police is a movie that features the talented George O. Petrie in a starring role. The film's script was written by two individuals: Al Doyle and Eric Turner, both of whom contributed to bringing this exciting story to the big screen."
10,"[{'h': 'The song', 't': 'Bob Telson', 'r': 'compose', 'c': 0.079420464113354}, {'h': 'The song', 't': 'Fred Rose', 'r': 'call', 'c': 0.068901449441909}, {'h': 'The song', 't': 'You', 'r': 'call', 'c': 0.0932103022933}, {'h': 'The song', 't': 'Fred Rose', 'r': 'produce', 'c': 0.07206897810101501}, {'h': 'The song', 't': 'Bob Telson', 'r': 'call', 'c': 0.08341069146990701}, {'h': 'The song', 't': 'Fred Rose', 'r': 'compose', 'c': 0.07049743086099601}, {'h': 'The song', 't': 'artist Blue October', 'r': 'compose', 'c': 0.078517926856875}, {'h': 'Bob Telson', 't': 'the piece', 'r': 'produce', 'c': 0.056610105559229004}, {'h': 'You', 't': 'Bob Telson', 'r': 'compose', 'c': 0.05991388298571101}, {'h': 'The song', 't': 'artist Blue October', 'r': 'call', 'c': 0.072756247594952}, {'h': 'The song', 't': 'artist Blue October', 'r': 'produce', 'c': 0.075144939124584}, {'h': 'Bob Telson', 't': 'the piece', 'r': 'perform', 'c': 0.06955541856586901}, {'h': 'Fred Rose', 't': 'the piece', 'r': 'perform', 'c': 0.08065698482096101}, {'h': 'Bob Telson', 't': 'Fred Rose', 'r': 'produce', 'c': 0.053341647610068}, {'h': 'artist Blue October', 't': 'the piece', 'r': 'perform', 'c': 0.10291742533445301}, {'h': 'The song', 't': 'the piece', 'r': 'compose', 'c': 0.08219497650861701}, {'h': 'The song', 't': 'the piece', 'r': 'produce', 'c': 0.07533743605017601}, {'h': 'The song', 't': 'the piece', 'r': 'perform', 'c': 0.080885278061032}, {'h': 'The song', 't': 'the piece', 'r': 'call', 'c': 0.073577500879764}, {'h': 'Bob Telson', 't': 'artist Blue October', 'r': 'produce', 'c': 0.056417608633637005}, {'h': 'You', 't': 'Fred Rose', 'r': 'compose', 'c': 0.050990849733352}, {'h': 'You', 't': 'artist Blue October', 'r': 'compose', 'c': 0.059011345729231}, {'h': 'You', 't': 'artist Blue October', 'r': 'produce', 'c': 0.055195884779095004}, {'h': 'You', 't': 'Fred Rose', 'r': 'produce', 'c': 0.052119923755526}, {'h': 'You', 't': 'the piece', 'r': 'compose', 'c': 0.06268839538097301}, {'h': 'You', 't': 'the piece', 'r': 'perform', 'c': 0.070628397166728}, {'h': 'You', 't': 'the piece', 'r': 'produce', 'c': 0.055388381704688}]","The song ""Call on Me"" was created by three artists; LRoc, Starley, and Steve Winwood. LRoc and Steve Winwood are both credited as writers for the song while Starley is credited as the main artist."
11,"[{'h': 'The song', 't': 'Rema', 'r': 'write', 'c': 0.067975765094161}, {'h': 'Calm Down', 't': 'Ella Hooper', 'r': 'write', 'c': 0.05083197914063901}, {'h': 'Calm Down', 't': 'Rema', 'r': 'write', 'c': 0.035927269607782}, {'h': 'Calm Down', 't': 'Scoop DeVille', 'r': 'write', 'c': 0.045578403398394}, {'h': 'Calm Down', 't': 'three individuals', 'r': 'write', 'c': 0.081219380721449}, {'h': 'The song', 't': 'Scoop DeVille', 'r': 'write', 'c': 0.077626898884773}, {'h': 'The song', 't': 'Ella Hooper', 'r': 'write', 'c': 0.082880474627017}, {'h': 'The song', 't': 'three individuals', 'r': 'write', 'c': 0.11326787620782801}, {'h': 'DeVille', 't': 'Rema', 'r': 'whereas', 'c': 0.049071773886680006}, {'h': 'Hooper', 't': 'Rema', 'r': 'whereas', 'c': 0.050363231450319006}, {'h': 'contributors', 't': 'Rema', 'r': 'whereas', 'c': 0.08867999166250201}, {'h': 'contributors', 't': 'an artist', 'r': 'involve', 'c': 0.079250924289226}, {'h': 'contributors', 't': 'an artist', 'r': 'whereas', 'c': 0.090741207823157}, {'h': 'Hooper', 't': 'an artist', 'r': 'involve', 'c': 0.054599829018116004}, {'h': 'Hooper', 't': 'an artist', 'r': 'whereas', 'c': 0.052424447610974007}, {'h': 'DeVille', 't': 'an artist', 'r': 'whereas', 'c': 0.05113299004733501}, {'h': 'DeVille', 't': 'an artist', 'r': 'involve', 'c': 0.056274689733982}, {'h': 'writers', 't': 'Rema', 'r': 'whereas', 'c': 0.098130859434604}, {'h': 'Rema', 't': 'an artist', 'r': 'involve', 'c': 0.05978227965533701}, {'h': 'writers', 't': 'an artist', 'r': 'involve', 'c': 0.078677918761968}, {'h': 'writers', 't': 'an artist', 'r': 'whereas', 'c': 0.10019207559525901}]","The song ""Calling You"" was composed by Bob Telson and produced by Fred Rose, while artist Blue October performed the piece."
13,"[{'h': 'a movie', 't': 'Nour Zaki', 'r': 'co', 'c': 0.044973139651119}, {'h': 'Camera Obscura', 't': 'Haris Zambarloukos', 'r': 'co', 'c': 0.028357935138046002}, {'h': 'Max Obal', 't': 'Nour Zaki', 'r': 'co', 'c': 0.055911198258399006}, {'h': 'Max Obal', 't': 'the cinematography', 'r': 'co', 'c': 0.040404227562248006}, {'h': 'Max Obal', 't': 'Haris Zambarloukos', 'r': 'co', 'c': 0.041036793030798005}, {'h': 'a movie', 't': 'the cinematography', 'r': 'co', 'c': 0.029466168954968}, {'h': 'a movie', 't': 'Haris Zambarloukos', 'r': 'co', 'c': 0.030098734423518004}, {'h': 'Camera Obscura', 't': 'Nour Zaki', 'r': 'co', 'c': 0.043232340365648006}, {'h': 'Camera Obscura', 't': 'the cinematography', 'r': 'co', 'c': 0.027725369669497003}, {'h': 'Christopher Denham', 't': 'the film', 'r': 'star', 'c': 0.158982563763856}]","The song ""Calm Down"" was written by three individuals: Scoop DeVille, Ella Hooper, and Rema. DeVille and Hooper were both contributors as writers, whereas Rema was involved as an artist."
14,"[{'h': 'Camille', 't': 'Paul Capellani', 'r': 'star', 'c': 0.046715481206774004}, {'h': 'Camille', 't': 'Rudolph Valentino', 'r': 'star', 'c': 0.07041310891509}, {'h': 'Camille', 't': 'David Carradine', 'r': 'star', 'c': 0.040678131394088005}, {'h': 'Camille', 't': 'Robert Taylor', 'r': 'star', 'c': 0.055917453020811005}, {'h': 'the title', 't': 'Robert Taylor', 'r': 'star', 'c': 0.065668836236}, {'h': 'Camille', 't': 'Alice Gale', 'r': 'star', 'c': 0.042129371315240007}, {'h': 'the title', 't': 'Rudolph Valentino', 'r': 'star', 'c': 0.080164492130279}, {'h': 'the title', 't': 'Paul Capellani', 'r': 'star', 'c': 0.056466864421963005}, {'h': 'the title', 't': 'David Carradine', 'r': 'star', 'c': 0.050429514609277006}, {'h': 'a movie', 't': 'Rudolph Valentino', 'r': 'star', 'c': 0.11350449547171501}, {'h': 'the title', 't': 'Alice Gale', 'r': 'star', 'c': 0.05188075453042901}, {'h': 'a movie', 't': 'Robert Taylor', 'r': 'star', 'c': 0.099008839577436}, {'h': 'a movie', 't': 'David Carradine', 'r': 'star', 'c': 0.08376951795071301}, {'h': 'a movie', 't': 'Paul Capellani', 'r': 'star', 'c': 0.08980686776340001}, {'h': 'a movie', 't': 'Alice Gale', 'r': 'star', 'c': 0.085220757871866}]","The movie ""Cameo Kirby"" had two writers, Robert N. Lee and Booth Tarkington. It also featured Robert Edeson as one of the movie's stars."
15,"[{'h': 'The movie', 't': 'appearances', 'r': 'feature', 'c': 0.15162520483136102}, {'h': ""'Camouflage"", 't': 'two different artists', 'r': 'feature', 'c': 0.085752867162227}, {'h': ""'Camouflage"", 't': 'appearances', 'r': 'feature', 'c': 0.132135991007089}, {'h': 'The movie', 't': 'two different artists', 'r': 'feature', 'c': 0.10524208098649901}]","Camera Obscura is a movie directed by Max Obal and co-directed by Nour Zaki, with the cinematography by Haris Zambarloukos. Christopher Denham stars in the film."
16,"[{'h': 'Enough', 't': 'several artists', 'r': 'perform', 'c': 0.079556437209248}, {'h': 'Enough', 't': 'Becky G', 'r': 'perform', 'c': 0.037433106452226}, {'h': 'Enough', 't': 'Patty Loveless', 'r': 'perform', 'c': 0.031687094829976004}, {'h': 'Enough', 't': 'Bad Company', 'r': 'perform', 'c': 0.041828403249382}, {'h': 'a popular song', 't': 'several artists', 'r': 'perform', 'c': 0.09551194682717301}, {'h': 'Enough', 't': 'J. Cole', 'r': 'perform', 'c': 0.030477892607450003}, {'h': 'a popular song', 't': 'Patty Loveless', 'r': 'perform', 'c': 0.047642604447901006}, {'h': 'a popular song', 't': 'Becky G', 'r': 'perform', 'c': 0.053388616070151}, {'h': 'a popular song', 't': 'Bad Company', 'r': 'perform', 'c': 0.057783912867307004}, {'h': 'a popular song', 't': 'Supergroove', 'r': 'perform', 'c': 0.045745381154119004}, {'h': 'a popular song', 't': 'J. Cole', 'r': 'perform', 'c': 0.046433402225375}, {'h': 'Enough', 't': 'Supergroove', 'r': 'perform', 'c': 0.029789871536195}, {'h': ""The song's lyrics"", 't': 'Brett Anderson', 'r': 'write', 'c': 0.098489675670862}]","Camille is the title of a movie that stars Robert Taylor, Rudolph Valentino, David Carradine, Alice Gale, and Paul Capellani. The producer of the movie was Joseph M. Schenck."
17,"[{'h': 'a song', 't': 'both Rodney Jerkins', 'r': 'produce', 'c': 0.09220334142446501}, {'h': 'a song', 't': 'Maurice White', 'r': 'produce', 'c': 0.08943834528326901}, {'h': 'The song', 't': 'both Anthony Hamilton', 'r': 'feature', 'c': 0.11012655496597201}, {'h': 'The song', 't': 'the vocal talents', 'r': 'feature', 'c': 0.14849729090929}, {'h': 'The song', 't': 'Lucinda Williams', 'r': 'feature', 'c': 0.099729232490062}, {'h': 'The lyrics', 't': 'Walter Afanasieff', 'r': 'write', 'c': 0.12021910771727501}]","The movie 'Camouflage' features appearances by two different artists: Brad Paisley and Stan Ridgway. In addition, the film was directed by Krzysztof Zanussi."
18,"[{'h': 'The movie', 't': 'an impressive team', 'r': 'stop', 'c': 0.06565655022859501}, {'h': 'The movie', 't': 'an impressive team', 'r': 'boast', 'c': 0.06114048324525301}, {'h': 'The movie', 't': 'industry professionals', 'r': 'boast', 'c': 0.050637187436223}, {'h': 'The movie', 't': 'artists', 'r': 'stop', 'c': 0.066441040486097}, {'h': 'The movie', 't': 'industry professionals', 'r': 'stop', 'c': 0.060429003089666006}, {'h': 'The movie', 't': 'artists', 'r': 'boast', 'c': 0.052600646391510006}, {'h': 'The movie', 't': 'its production', 'r': 'stop', 'c': 0.056896086782217005}, {'h': 'artists', 't': 'its production', 'r': 'contribute', 'c': 0.07735728472471201}, {'h': 'The movie', 't': 'its production', 'r': 'contribute', 'c': 0.067766740918159}, {'h': 'The movie', 't': 'its production', 'r': 'boast', 'c': 0.045766776427626006}, {'h': 'an impressive team', 't': 'its production', 'r': 'contribute', 'c': 0.075273282825946}, {'h': 'industry professionals', 't': 'its production', 'r': 'contribute', 'c': 0.088040959089994}, {'h': 'the movie', 't': 'the Grammy-winning songwriter Babyface', 'r': 'produce', 'c': 0.07359093986451601}, {'h': 'the movie', 't': 'the renowned music producer Rick Rubin', 'r': 'produce', 'c': 0.08497932180762201}, {'h': 'the movie', 't': 'the script', 'r': 'work', 'c': 0.067500968463718}, {'h': 'the movie', 't': 'the script', 'r': 'produce', 'c': 0.07014098763465801}, {'h': 'the renowned music producer Rick Rubin', 't': 'the script', 'r': 'work', 'c': 0.070192521438002}, {'h': 'the Grammy-winning songwriter Babyface', 't': 'the script', 'r': 'work', 'c': 0.076414708048105}, {'h': 'the movie', 't': ""the film's soundtrack"", 'r': 'add', 'c': 0.042039189487695}, {'h': 'the movie', 't': 'the talented musicians', 'r': 'feature', 'c': 0.09039396420121101}, {'h': 'the movie', 't': ""the film's soundtrack"", 'r': 'undoubtedly', 'c': 0.051466738805174}, {'h': 'the movie', 't': ""the film's soundtrack"", 'r': 'feature', 'c': 0.06271918304264501}, {'h': 'the movie', 't': 'style', 'r': 'feature', 'c': 0.070261133834719}, {'h': 'the movie', 't': 'style', 'r': 'undoubtedly', 'c': 0.062168098986148}, {'h': 'the movie', 't': 'their unique sound', 'r': 'add', 'c': 0.077989339828491}, {'h': 'the talented musicians', 't': 'their unique sound', 'r': 'undoubtedly', 'c': 0.07827790081501}, {'h': 'the movie', 't': 'style', 'r': 'add', 'c': 0.062039222568273}, {'h': 'the talented musicians', 't': 'their unique sound', 'r': 'add', 'c': 0.078238148242235}, {'h': 'the movie', 't': 'their unique sound', 'r': 'undoubtedly', 'c': 0.068752475082874}, {'h': 'the talented musicians', 't': 'style', 'r': 'undoubtedly', 'c': 0.07169352471828401}, {'h': 'the movie', 't': 'CNBLUE', 'r': 'feature', 'c': 0.060616387054324004}, {'h': 'the movie', 't': 'their unique sound', 'r': 'feature', 'c': 0.06395499967038601}, {'h': 'the talented musicians', 't': 'style', 'r': 'add', 'c': 0.062288030982017004}, {'h': 'the talented musicians', 't': ""the film's soundtrack"", 'r': 'undoubtedly', 'c': 0.060992164537310004}, {'h': 'the talented musicians', 't': ""the film's soundtrack"", 'r': 'add', 'c': 0.042287997901439}, {'h': 'CNBLUE', 't': 'their unique sound', 'r': 'add', 'c': 0.07434180006384801}, {'h': 'CNBLUE', 't': ""the film's soundtrack"", 'r': 'undoubtedly', 'c': 0.046019220724701}, {'h': 'CNBLUE', 't': ""the film's soundtrack"", 'r': 'add', 'c': 0.038391649723052}, {'h': 'CNBLUE', 't': 'their unique sound', 'r': 'undoubtedly', 'c': 0.063304957002401}, {'h': 'CNBLUE', 't': 'style', 'r': 'add', 'c': 0.05839168280363}, {'h': 'CNBLUE', 't': 'style', 'r': 'undoubtedly', 'c': 0.05672058090567501}, {'h': 'a hit', 't': 'music', 'r': 'among', 'c': 0.081537123769521}, {'h': 'a hit', 't': 'cinema', 'r': 'among', 'c': 0.076781328767538}, {'h': 'a hit', 't': 'fans', 'r': 'among', 'c': 0.105922389775514}]","""Can't Get Enough"" is a popular song that has been performed by several artists, including Becky G, Patty Loveless, Bad Company, J. Cole, and Supergroove. The song's lyrics were written by Brett Anderson."
19,"[{'h': 'The movie', 't': 'Me', 'r': 'hear', 'c': 0.10433416813611901}, {'h': 'The movie', 't': 'two producers', 'r': '?', 'c': 0.046177193522453}, {'h': 'The movie', 't': 'Jon Hume', 'r': 'hear', 'c': 0.067221768200397}, {'h': 'The movie', 't': 'Jon Hume', 'r': '?', 'c': 0.043433237820863}, {'h': 'The movie', 't': 'two producers', 'r': 'hear', 'c': 0.06935977563261901}, {'h': 'The movie', 't': 'Segun Akinola', 'r': '?', 'c': 0.0347231766209}, {'h': 'The movie', 't': 'Tony Visconti', 'r': 'hear', 'c': 0.06038872152566901}, {'h': 'The movie', 't': 'Segun Akinola', 'r': 'compose', 'c': 0.048626519739627005}, {'h': 'The movie', 't': 'Tony Visconti', 'r': '?', 'c': 0.037755684927105}, {'h': 'The movie', 't': 'Segun Akinola', 'r': 'hear', 'c': 0.055601930245757006}, {'h': 'You', 't': 'Me', 'r': 'hear', 'c': 0.11407844349741901}, {'h': 'You', 't': 'Tony Visconti', 'r': 'hear', 'c': 0.070132996886968}, {'h': 'You', 't': 'Tony Visconti', 'r': '?', 'c': 0.053747303783893}, {'h': 'You', 't': 'two producers', 'r': '?', 'c': 0.062168812379240004}, {'h': 'Me', 't': 'two producers', 'r': '?', 'c': 0.053113805130124}, {'h': 'You', 't': 'two producers', 'r': 'hear', 'c': 0.07910405099391901}, {'h': 'You', 't': 'Segun Akinola', 'r': 'hear', 'c': 0.06534620560705601}, {'h': 'Me', 't': 'Tony Visconti', 'r': '?', 'c': 0.044692296534776}, {'h': 'You', 't': 'Segun Akinola', 'r': '?', 'c': 0.05071479547768801}, {'h': 'Me', 't': 'Jon Hume', 'r': '?', 'c': 0.050369849428534}, {'h': 'You', 't': 'Segun Akinola', 'r': 'compose', 'c': 0.040573166683316}, {'h': 'You', 't': 'Jon Hume', 'r': '?', 'c': 0.059424856677651}, {'h': 'two producers', 't': 'Segun Akinola', 'r': 'compose', 'c': 0.059348946437239}, {'h': 'Me', 't': 'Segun Akinola', 'r': 'compose', 'c': 0.039248177781701005}, {'h': 'Me', 't': 'Segun Akinola', 'r': '?', 'c': 0.041659788228571006}, {'h': 'You', 't': 'Jon Hume', 'r': 'hear', 'c': 0.076966043561697}, {'h': 'Jon Hume', 't': 'Segun Akinola', 'r': 'compose', 'c': 0.041900748386979006}, {'h': 'Tony Visconti', 't': 'Segun Akinola', 'r': 'compose', 'c': 0.043236635625362}]","""Can't Let Go"" is a song that was produced by both Rodney Jerkins and Maurice White. The song features the vocal talents of both Anthony Hamilton and Lucinda Williams. The lyrics were written by Walter Afanasieff."
20,"[{'h': 'Candy', 't': 'accomplished cinematographer Giuseppe Rotunno', 'r': 'feature', 'c': 0.08331746980547901}, {'h': 'a movie', 't': 'accomplished cinematographer Giuseppe Rotunno', 'r': 'feature', 'c': 0.105456996709108}, {'h': 'Candy', 't': 'Don', 'r': 'produce', 'c': 0.07447342574596401}, {'h': 'Candy', 't': 'Rodney Jerkins', 'r': 'produce', 'c': 0.07452640682458801}, {'h': 'Candy', 't': 'its composer', 'r': 'produce', 'c': 0.128630347549915}]","The movie ""Can't Stop"" boasts an impressive team of artists and industry professionals who contributed to its production. In particular, the movie was produced by the renowned music producer Rick Rubin, and the Grammy-winning songwriter Babyface worked on the script. Additionally, the movie features the talented musicians of CNBLUE, who undoubtedly added their unique sound and style to the film's soundtrack. ""Can't Stop"" is sure to be a hit among fans of music and cinema alike."
21,"[{'h': 'Candyman', 't': 'Colman Domingo', 'r': 'feature', 'c': 0.042524421587586}, {'h': 'Candyman', 't': 'Virginia Madsen', 'r': 'feature', 'c': 0.048520488664507005}, {'h': 'a horror movie', 't': 'David Klein', 'r': 'feature', 'c': 0.05931752175092601}, {'h': 'a horror movie', 't': 'Virginia Madsen', 'r': 'feature', 'c': 0.067175073549151}, {'h': 'Candyman', 't': 'the lead roles', 'r': 'feature', 'c': 0.045943209901452}, {'h': 'Candyman', 't': 'David Klein', 'r': 'feature', 'c': 0.040662936866283}, {'h': 'a horror movie', 't': 'Colman Domingo', 'r': 'feature', 'c': 0.06117900647222901}, {'h': 'a horror movie', 't': 'the lead roles', 'r': 'feature', 'c': 0.06459779478609501}, {'h': 'The movie', 't': 'Linda Perry', 'r': 'produce', 'c': 0.10658089816570201}, {'h': 'Linda Perry', 't': 'Siouxsie Sioux', 'r': 'write', 'c': 0.05944372713565801}, {'h': 'the screenplay', 't': 'Siouxsie Sioux', 'r': 'write', 'c': 0.074872441589832}, {'h': 'The movie', 't': 'Siouxsie Sioux', 'r': 'write', 'c': 0.06471491977572401}, {'h': 'The movie', 't': 'the screenplay', 'r': 'produce', 'c': 0.177254579961299}, {'h': 'The movie', 't': 'Siouxsie Sioux', 'r': 'produce', 'c': 0.087679238989949}]","The movie ""Can You Hear Me?"" has two producers, Jon Hume and Tony Visconti, and was composed by Segun Akinola."
22,"[{'h': 'The film', 't': 'Antonio de la Torre', 'r': 'feature', 'c': 0.083393089473247}, {'h': 'Antonio de la Torre', 't': 'significant roles', 'r': 'play', 'c': 0.10347350500524001}, {'h': 'The film', 't': 'significant roles', 'r': 'feature', 'c': 0.09440189227461801}, {'h': 'The film', 't': 'significant roles', 'r': 'play', 'c': 0.10841474682092601}, {'h': 'The film', 't': 'Eric Godon', 'r': 'feature', 'c': 0.074823601171374}, {'h': 'Eric Godon', 't': 'significant roles', 'r': 'play', 'c': 0.105441564694046}, {'h': 'The film', 't': 'two main actors', 'r': 'feature', 'c': 0.11719076707959102}, {'h': 'two main actors', 't': 'significant roles', 'r': 'play', 'c': 0.11541128158569301}, {'h': 'the writer', 't': 'the storyline', 'r': 'provide', 'c': 0.07340959832072201}, {'h': 'the writer', 't': 'the storyline', 'r': 'behind', 'c': 0.08033002167940101}, {'h': 'the writer', 't': 'this intriguing movie', 'r': 'behind', 'c': 0.08621757850050901}, {'h': 'Pebe Sebert', 't': 'audiences', 'r': 'provide', 'c': 0.06815696507692301}, {'h': 'Pebe Sebert', 't': 'audiences', 'r': 'captivate', 'c': 0.067169656977057}, {'h': 'Pebe Sebert', 't': 'audiences', 'r': 'behind', 'c': 0.051336884498596004}, {'h': 'the writer', 't': 'audiences', 'r': 'behind', 'c': 0.07408330589532801}, {'h': 'the writer', 't': 'audiences', 'r': 'provide', 'c': 0.073012460023164}, {'h': 'Pebe Sebert', 't': 'the storyline', 'r': 'provide', 'c': 0.068554103374481}, {'h': 'the writer', 't': 'audiences', 'r': 'captivate', 'c': 0.06668663583695801}, {'h': 'this intriguing movie', 't': 'the storyline', 'r': 'provide', 'c': 0.08461212366819301}, {'h': 'Pebe Sebert', 't': 'the storyline', 'r': 'behind', 'c': 0.057583600282669005}, {'h': 'this intriguing movie', 't': 'audiences', 'r': 'provide', 'c': 0.084214985370635}, {'h': 'Pebe Sebert', 't': 'this intriguing movie', 'r': 'behind', 'c': 0.063471157103776}, {'h': 'this intriguing movie', 't': 'audiences', 'r': 'captivate', 'c': 0.06952697597444}, {'h': 'the storyline', 't': 'audiences', 'r': 'captivate', 'c': 0.07132395170629001}]","Candy is a movie that features accomplished cinematographer Giuseppe Rotunno. The movie has a diverse cast of artists including Cameo, H.O.T, Paolo Nutini, Jessica Sutta, Ken Hirai, Doja Cat, and Koda Kumi. The movie's writers include Dave Katz, Pharrell Williams, Maurice Starr, Viktoria Hansen, Luke Davies, Burt Bacharach, and Gary Barlow. Candy was produced by Don Was and its composer is Rodney Jerkins."
23,"[{'h': 'Cannonball', 't': 'Benny Blanco', 'r': 'feature', 'c': 0.053787894546985}, {'h': 'Cannonball', 't': 'Benny Blanco', 'r': 'produce', 'c': 0.066150523722171}, {'h': 'Cannonball', 't': 'multiple artists', 'r': 'feature', 'c': 0.112884555011987}, {'h': 'a movie', 't': 'Lee Hazlewood', 'r': 'produce', 'c': 0.057163255289196004}, {'h': 'a movie', 't': 'Lee Hazlewood', 'r': 'feature', 'c': 0.05757247656583701}, {'h': 'Cannonball', 't': 'Lee Hazlewood', 'r': 'feature', 'c': 0.038367539644241}, {'h': 'Cannonball', 't': 'Lee Hazlewood', 'r': 'produce', 'c': 0.042104570195078}, {'h': 'multiple artists', 't': 'Benny Blanco', 'r': 'produce', 'c': 0.09572812914848301}, {'h': 'a movie', 't': 'Benny Blanco', 'r': 'feature', 'c': 0.072992831468582}, {'h': 'a movie', 't': 'Benny Blanco', 'r': 'produce', 'c': 0.081209208816289}, {'h': 'a movie', 't': 'multiple artists', 'r': 'feature', 'c': 0.13208949193358402}, {'h': 'multiple artists', 't': 'Lee Hazlewood', 'r': 'produce', 'c': 0.07168217562139001}, {'h': 'The movie', 't': 'Bill McKinney', 'r': 'star', 'c': 0.126503702253103}, {'h': 'Bill McKinney', 't': 'Rick Davies', 'r': 'write', 'c': 0.065416172146797}, {'h': 'The movie', 't': 'Rick Davies', 'r': 'star', 'c': 0.124474450945854}, {'h': 'The movie', 't': 'Rick Davies', 'r': 'write', 'c': 0.08319776877760801}, {'h': 'The movie', 't': 'X Ambassadors', 'r': 'write', 'c': 0.064322926104068}, {'h': 'Bill McKinney', 't': 'X Ambassadors', 'r': 'write', 'c': 0.046541329473257}, {'h': 'The movie', 't': 'X Ambassadors', 'r': 'star', 'c': 0.11896995827555601}, {'h': 'Little Mix', 't': 'the movie', 'r': 'feature', 'c': 0.11749323084950401}, {'h': 'Justin Prime', 't': 'the movie', 'r': 'feature', 'c': 0.11410422623157501}, {'h': 'Justin Prime', 't': 'artists', 'r': 'feature', 'c': 0.09606069326400701}, {'h': 'The Breeders', 't': 'artists', 'r': 'feature', 'c': 0.09544706530869}, {'h': 'The Breeders', 't': 'the movie', 'r': 'feature', 'c': 0.11349059827625702}, {'h': 'Little Mix', 't': 'artists', 'r': 'feature', 'c': 0.09944969788193701}]","Candyman is a horror movie that features Virginia Madsen, David Klein, and Colman Domingo in the lead roles. The movie was produced by Linda Perry and the screenplay was written by Siouxsie Sioux."
24,"[{'h': 'The movie ""Caprice', 't': 'a star-studded cast', 'r': 'feature', 'c': 0.07617387734353501}, {'h': 'The movie ""Caprice', 't': 'Mary Pickford', 'r': 'feature', 'c': 0.04485838022083}, {'h': 'The movie ""Caprice', 't': 'Richard Harris', 'r': 'feature', 'c': 0.04853796400129701}, {'h': 'The movie ""Caprice', 't': 'Virginie Efira', 'r': 'feature', 'c': 0.042639813385903}]","The movie 'Cannibal' has an impressive production team with Blake Mills as the producer. The film features two main actors, Antonio de la Torre and Eric Godon, who play significant roles alongside each other. Pebe Sebert is the writer behind this intriguing movie, providing the storyline that has captivated audiences."
26,"[{'h': 'The movie', 't': 'a notable cast', 'r': 'feature', 'c': 0.129310503602027}, {'h': 'The movie', 't': 'crew', 'r': 'feature', 'c': 0.09777236357331201}, {'h': '""Captain Blood', 't': 'crew', 'r': 'feature', 'c': 0.094484366476535}, {'h': '""Captain Blood', 't': 'a notable cast', 'r': 'feature', 'c': 0.12602250650525001}, {'h': 'The screenplay', 't': 'the direction', 'r': 'write', 'c': 0.097783036530017}, {'h': 'The screenplay', 't': 'David Smith', 'r': 'write', 'c': 0.081289395689964}, {'h': 'The screenplay', 't': 'Casey Robinson', 'r': 'write', 'c': 0.096886977553367}, {'h': 'The film', 't': 'André Bourvil', 'r': 'star', 'c': 0.1394625864923}, {'h': 'the captivating musical score', 't': 'Jean-Michel Jarre', 'r': 'compose', 'c': 0.058761095628142}, {'h': 'André Bourvil', 't': 'Jean-Michel Jarre', 'r': 'compose', 'c': 0.038878478109836}, {'h': 'The film', 't': 'Jean-Michel Jarre', 'r': 'star', 'c': 0.116861863061785}, {'h': 'The film', 't': 'the captivating musical score', 'r': 'star', 'c': 0.13133167102932902}, {'h': 'The film', 't': 'Jean-Michel Jarre', 'r': 'compose', 'c': 0.051891626790165006}]","Cannonball is a movie that features multiple artists and was produced by Benny Blanco and Lee Hazlewood. The movie stars Bill McKinney and was written by Rick Davies and X Ambassadors. Little Mix, The Breeders, and Justin Prime are also featured in the movie as artists."
28,"[{'h': 'Mellissa Fung', 't': 'their vision', 'r': 'showcase', 'c': 0.057970536872744005}, {'h': 'their vision', 't': 'the film', 'r': 'throughout', 'c': 0.087465107440948}, {'h': 'Mellissa Fung', 't': 'style', 'r': 'showcase', 'c': 0.044424505904316}, {'h': 'Mellissa Fung', 't': 'the film', 'r': 'throughout', 'c': 0.050569266080856004}, {'h': 'Mellissa Fung', 't': 'the film', 'r': 'showcase', 'c': 0.044582223519682}, {'h': 'Brillante Mendoza', 't': 'style', 'r': 'showcase', 'c': 0.042623015120625}, {'h': 'Brillante Mendoza', 't': 'their vision', 'r': 'showcase', 'c': 0.056169046089053}, {'h': 'Brillante Mendoza', 't': 'the film', 'r': 'showcase', 'c': 0.042780732735991006}, {'h': 'style', 't': 'the film', 'r': 'throughout', 'c': 0.08761400729417801}, {'h': 'Brillante Mendoza', 't': 'the film', 'r': 'throughout', 'c': 0.052060240879654}, {'h': 'Both directors', 't': 'the edge', 'r': 'create', 'c': 0.051903484389185}, {'h': 'Both directors', 't': 'the edge', 'r': 'bring', 'c': 0.067807674407958}, {'h': 'Both directors', 't': 'the edge', 'r': 'keep', 'c': 0.061248211190104006}, {'h': 'Both directors', 't': 'the project', 'r': 'bring', 'c': 0.07310036011040201}, {'h': 'Both directors', 't': 'their seats', 'r': 'keep', 'c': 0.052605872973799005}, {'h': 'Both directors', 't': 'their seats', 'r': 'bring', 'c': 0.069348925724625}, {'h': 'Both directors', 't': 'their seats', 'r': 'create', 'c': 0.048312782309949}, {'h': 'Both directors', 't': 'viewers', 'r': 'bring', 'c': 0.08270037919282901}, {'h': 'Both directors', 't': 'viewers', 'r': 'keep', 'c': 0.06863511539995601}, {'h': 'Both directors', 't': 'viewers', 'r': 'create', 'c': 0.06458207219839}, {'h': 'Both directors', 't': 'unique perspectives', 'r': 'bring', 'c': 0.119244560599327}, {'h': 'unique perspectives', 't': 'a compelling and captivating story', 'r': 'create', 'c': 0.070707723498344}, {'h': 'unique perspectives', 't': 'viewers', 'r': 'keep', 'c': 0.070615421980619}, {'h': 'unique perspectives', 't': 'the edge', 'r': 'keep', 'c': 0.063228517770767}, {'h': 'unique perspectives', 't': 'viewers', 'r': 'create', 'c': 0.075935799628496}, {'h': 'unique perspectives', 't': 'the edge', 'r': 'create', 'c': 0.063257211819291}, {'h': 'unique perspectives', 't': 'their seats', 'r': 'create', 'c': 0.059666509740054004}, {'h': 'unique perspectives', 't': 'their seats', 'r': 'keep', 'c': 0.054586179554462}, {'h': 'Both directors', 't': 'a compelling and captivating story', 'r': 'bring', 'c': 0.06763626262545501}, {'h': 'the project', 't': 'a compelling and captivating story', 'r': 'create', 'c': 0.074997756630182}, {'h': 'the project', 't': 'viewers', 'r': 'create', 'c': 0.080225832760334}, {'h': 'Both directors', 't': 'a compelling and captivating story', 'r': 'create', 'c': 0.059353996068239004}, {'h': 'the project', 't': 'their seats', 'r': 'keep', 'c': 0.051539715379476006}, {'h': 'the project', 't': 'the edge', 'r': 'create', 'c': 0.067547244951128}, {'h': 'the project', 't': 'the edge', 'r': 'keep', 'c': 0.06018205359578101}, {'h': 'the project', 't': 'their seats', 'r': 'create', 'c': 0.06395654287189201}, {'h': 'the project', 't': 'viewers', 'r': 'keep', 'c': 0.067568957805633}, {'h': 'a compelling and captivating story', 't': 'their seats', 'r': 'keep', 'c': 0.053780328482389006}, {'h': 'a compelling and captivating story', 't': 'viewers', 'r': 'keep', 'c': 0.069809570908546}, {'h': 'a compelling and captivating story', 't': 'the edge', 'r': 'keep', 'c': 0.06242266669869401}, {'h': 'a must-see film', 't': 'powerful performances', 'r': 'interested', 'c': 0.10660069435834801}, {'h': 'a must-see film', 't': 'masterful directing', 'r': 'interested', 'c': 0.08321867510676301}, {'h': 'anyone', 't': 'powerful performances', 'r': 'interested', 'c': 0.153554424643516}, {'h': 'Captive', 't': 'powerful performances', 'r': 'interested', 'c': 0.082333981990814}, {'h': 'Captive', 't': 'masterful directing', 'r': 'interested', 'c': 0.05895196273922901}, {'h': 'anyone', 't': 'masterful directing', 'r': 'interested', 'c': 0.130172405391931}]","The movie ""Caprice"" features a star-studded cast including Richard Harris, Virginie Efira, and Mary Pickford."
29,"[{'h': 'One such movie', 't': 'a talented cast', 'r': 'feature', 'c': 0.081370016559958}, {'h': 'One such movie', 't': 'Vittorio Mezzogiorno', 'r': 'feature', 'c': 0.042132209055125006}, {'h': 'One such movie', 't': 'Rosalind Knight', 'r': 'feature', 'c': 0.041775526478886}, {'h': 'One such movie', 't': 'Bill Owen', 'r': 'feature', 'c': 0.034425563178956}, {'h': 'One such movie', 't': 'Roy Castle', 'r': 'feature', 'c': 0.040648460388183004}, {'h': 'One such movie', 't': 'Paul L. Smith', 'r': 'feature', 'c': 0.033501834608614}, {'h': 'Alfonso Brescia', 't': 'Rosalind Knight', 'r': 'feature', 'c': 0.028587087057530002}, {'h': 'Alfonso Brescia', 't': 'a talented cast', 'r': 'feature', 'c': 0.06818157713860201}, {'h': 'Alfonso Brescia', 't': 'Paul L. Smith', 'r': 'feature', 'c': 0.020313395187258002}, {'h': 'Alfonso Brescia', 't': 'Bill Owen', 'r': 'feature', 'c': 0.0212371237576}, {'h': 'Alfonso Brescia', 't': 'Vittorio Mezzogiorno', 'r': 'feature', 'c': 0.028943769633769004}, {'h': 'Alfonso Brescia', 't': 'Roy Castle', 'r': 'feature', 'c': 0.027460020966827002}, {'h': 'these actors', 't': 'a significant role', 'r': 'play', 'c': 0.10509087145328501}, {'h': 'these actors', 't': 'Paul L. Smith', 'r': 'play', 'c': 0.049830196425318}, {'h': 'these actors', 't': 'multiple starring roles', 'r': 'appear', 'c': 0.083330493420362}, {'h': 'these actors', 't': 'multiple starring roles', 'r': 'play', 'c': 0.06380584090948101}, {'h': 'these actors', 't': 'the success', 'r': 'play', 'c': 0.065776189789175}, {'h': 'these actors', 't': 'the movie', 'r': 'play', 'c': 0.069241181015968}, {'h': 'a significant role', 't': 'multiple starring roles', 'r': 'appear', 'c': 0.08304439112544}, {'h': 'the success', 't': 'multiple starring roles', 'r': 'appear', 'c': 0.080505676567554}, {'h': 'the movie', 't': 'multiple starring roles', 'r': 'appear', 'c': 0.082767302170395}, {'h': 'Paul L. Smith', 't': 'multiple starring roles', 'r': 'appear', 'c': 0.080158114433288}, {'h': 'The performances', 't': 'any fan', 'r': 'see', 'c': 0.043049441650509}, {'h': 'The performances', 't': 'any fan', 'r': 'must', 'c': 0.033630112186074}, {'h': 'The performances', 't': 'the art form', 'r': 'see', 'c': 0.036447733640670006}, {'h': 'The performances', 't': 'the art form', 'r': 'must', 'c': 0.035797419026494005}, {'h': 'Mezzogiorno', 't': 'any fan', 'r': 'see', 'c': 0.040788147598505006}, {'h': 'Mezzogiorno', 't': 'any fan', 'r': 'must', 'c': 0.030201276764273}, {'h': 'Mezzogiorno', 't': 'the art form', 'r': 'must', 'c': 0.032368583604693}, {'h': 'Mezzogiorno', 't': 'the art form', 'r': 'see', 'c': 0.034186439588665005}, {'h': 'Knight', 't': 'any fan', 'r': 'see', 'c': 0.044230377301573004}, {'h': 'Knight', 't': 'any fan', 'r': 'must', 'c': 0.031341580674052}, {'h': 'Knight', 't': 'the art form', 'r': 'see', 'c': 0.037628669291734}, {'h': 'Knight', 't': 'the art form', 'r': 'must', 'c': 0.033508887514472}, {'h': 'Castle', 't': 'any fan', 'r': 'must', 'c': 0.04354178905487}, {'h': 'Castle', 't': 'any fan', 'r': 'see', 'c': 0.049342785030603006}, {'h': 'Castle', 't': 'the art form', 'r': 'must', 'c': 0.04570909589529001}, {'h': 'Castle', 't': 'the art form', 'r': 'see', 'c': 0.042741077020764004}, {'h': 'this film', 't': 'any fan', 'r': 'see', 'c': 0.049963576719164}, {'h': 'this film', 't': 'any fan', 'r': 'must', 'c': 0.043105637654662}, {'h': 'this film', 't': 'the art form', 'r': 'see', 'c': 0.043361868709325006}, {'h': 'this film', 't': 'the art form', 'r': 'must', 'c': 0.045272944495081006}]","Captain is a movie with two writers, G. Prajesh Sen and Vairamuthu. It stars Simran in one of the main roles."
30,"[{'h': 'The movie', 't': 'the music', 'r': 'feature', 'c': 0.07589965499937501}, {'h': 'The movie', 't': 'the music', 'r': 'write', 'c': 0.07751100510358801}, {'h': 'The movie', 't': 'the band Blur', 'r': 'write', 'c': 0.065299609676003}, {'h': 'The movie', 't': 'Scott Storch', 'r': 'write', 'c': 0.064098715782165}, {'h': 'The movie', 't': 'the band Blur', 'r': 'feature', 'c': 0.05414361320436}, {'h': 'The movie', 't': 'Mitchell Froom', 'r': 'produce', 'c': 0.04758288525044901}, {'h': 'The movie', 't': 'Mitchell Froom', 'r': 'write', 'c': 0.055674501694738004}, {'h': '""Caramel', 't': 'Scott Storch', 'r': 'write', 'c': 0.051683671772480004}, {'h': 'The movie', 't': 'Mitchell Froom', 'r': 'feature', 'c': 0.043077755719423}, {'h': '""Caramel', 't': 'the band Blur', 'r': 'feature', 'c': 0.042098694480955004}, {'h': '""Caramel', 't': 'the music', 'r': 'write', 'c': 0.065095961093902}, {'h': '""Caramel', 't': 'the music', 'r': 'feature', 'c': 0.06385473627597}, {'h': 'Scott Storch', 't': 'the music', 'r': 'feature', 'c': 0.064791509881615}, {'h': '""Caramel', 't': 'the band Blur', 'r': 'write', 'c': 0.052884565666317}, {'h': '""Caramel', 't': 'Mitchell Froom', 'r': 'write', 'c': 0.043259457685053}, {'h': 'Scott Storch', 't': 'Mitchell Froom', 'r': 'produce', 'c': 0.040863884612917005}, {'h': 'Scott Storch', 't': 'the band Blur', 'r': 'feature', 'c': 0.043035468086600005}, {'h': 'Scott Storch', 't': 'Mitchell Froom', 'r': 'feature', 'c': 0.031969610601663}, {'h': '""Caramel', 't': 'Mitchell Froom', 'r': 'produce', 'c': 0.040728912688791}, {'h': '""Caramel', 't': 'Mitchell Froom', 'r': 'feature', 'c': 0.031032836996018002}, {'h': 'the music', 't': 'Mitchell Froom', 'r': 'produce', 'c': 0.05260200239717901}, {'h': 'the band Blur', 't': 'Mitchell Froom', 'r': 'produce', 'c': 0.053426608443260006}]","The movie ""Captain Blood"" features a notable cast and crew. The screenplay was written by Casey Robinson, while the direction was under David Smith. The film stars André Bourvil, and the captivating musical score was composed by Jean-Michel Jarre."
31,"[{'h': 'a movie', 't': 'Sachin Bhowmick', 'r': 'write', 'c': 0.07792472653090901}, {'h': 'Caravan', 't': 'Samson Raphaelson', 'r': 'write', 'c': 0.052095757797360004}, {'h': 'a movie', 't': 'Samson Raphaelson', 'r': 'write', 'c': 0.08516742289066301}, {'h': 'Caravan', 't': 'Sachin Bhowmick', 'r': 'write', 'c': 0.04485306143760601}, {'h': 'The film', 't': 'Dennis Price', 'r': 'feature', 'c': 0.12273922562599102}, {'h': 'The film', 't': 'its main stars', 'r': 'feature', 'c': 0.14118818193674001}, {'h': 'the movie', 't': 'Van Morrison', 'r': 'associate', 'c': 0.088722176849842}, {'h': 'the movie', 't': 'the artists', 'r': 'associate', 'c': 0.090745024383068}, {'h': 'Van Morrison', 't': 'its production', 'r': 'involve', 'c': 0.07657717540860101}, {'h': 'the artists', 't': 'its production', 'r': 'involve', 'c': 0.106513902544975}, {'h': 'the movie', 't': 'its production', 'r': 'associate', 'c': 0.09268693253397901}, {'h': 'the movie', 't': 'its production', 'r': 'involve', 'c': 0.08231530338525701}]","Captain Fracasse is a movie directed by Abel Gance, with Théophile Gautier as the writer. The cinematography for the movie was done by Jan Stallich and Marcel Grignon."
32,"[{'h': 'The movie ""Carbon', 't': 'the talented actor Benoît Magimel', 'r': 'feature', 'c': 0.072866842150688}, {'h': 'The movie ""Carbon', 't': 'Vidharth', 'r': 'feature', 'c': 0.048137402161955}, {'h': 'The movie ""Carbon', 't': 'Vidharth', 'r': 'star', 'c': 0.067387357354164}, {'h': 'the talented actor Benoît Magimel', 't': 'Vidharth', 'r': 'star', 'c': 0.055470878258347005}, {'h': 'The director', 't': 'their own unique vision', 'r': 'bring', 'c': 0.07924196496605801}, {'h': 'The director', 't': 'the film', 'r': 'bring', 'c': 0.049469772726297004}, {'h': 'this movie', 't': 'their own unique vision', 'r': 'bring', 'c': 0.083864877000451}, {'h': 'this movie', 't': 'the film', 'r': 'bring', 'c': 0.05409268476068901}, {'h': 'Venu', 't': 'their own unique vision', 'r': 'bring', 'c': 0.071935422718524}, {'h': 'Venu', 't': 'the film', 'r': 'bring', 'c': 0.042163230478763004}, {'h': 'this combination', 't': 'a compelling performance', 'r': 'expect', 'c': 0.080356296151876}, {'h': 'this combination', 't': 'a captivating presence', 'r': 'expect', 'c': 0.04980621207505401}, {'h': 'this combination', 't': 'Magimel', 'r': 'expect', 'c': 0.051506027579307}, {'h': 'this combination', 't': 'Vidharth', 'r': 'expect', 'c': 0.048846565186977005}, {'h': 'artist names', 't': 'a compelling performance', 'r': 'expect', 'c': 0.08408944681286801}, {'h': 'this combination', 't': 'a distinct directorial style', 'r': 'expect', 'c': 0.044841237831860004}, {'h': 'artist names', 't': 'Carbon', 'r': 'expect', 'c': 0.047714466229081}, {'h': 'artist names', 't': 'a distinct directorial style', 'r': 'expect', 'c': 0.048574388492852005}, {'h': 'artist names', 't': 'Vidharth', 'r': 'expect', 'c': 0.05257971584796901}, {'h': 'artist names', 't': 'Magimel', 'r': 'expect', 'c': 0.055239178240299}, {'h': 'artist names', 't': 'Venu', 'r': 'expect', 'c': 0.054234454408288}, {'h': 'artist names', 't': 'a captivating presence', 'r': 'expect', 'c': 0.053539362736046}, {'h': 'this combination', 't': 'Venu', 'r': 'expect', 'c': 0.05050130374729601}, {'h': 'this combination', 't': 'Carbon', 'r': 'expect', 'c': 0.043981315568089006}, {'h': 'audiences', 't': 'a compelling performance', 'r': 'expect', 'c': 0.08128802850842401}, {'h': 'audiences', 't': 'Magimel', 'r': 'expect', 'c': 0.052437759935855005}, {'h': 'audiences', 't': 'Vidharth', 'r': 'expect', 'c': 0.049778297543525}, {'h': 'audiences', 't': 'a distinct directorial style', 'r': 'expect', 'c': 0.04577297018840901}, {'h': 'audiences', 't': 'a captivating presence', 'r': 'expect', 'c': 0.050737944431602004}, {'h': 'audiences', 't': 'Carbon', 'r': 'expect', 'c': 0.044913047924637}, {'h': 'audiences', 't': 'Venu', 'r': 'expect', 'c': 0.051433036103844004}]","The movie ""Captive"" has an impressive cast including Hugo Arana, Yulia Peresild, and David Oyelowo. It was co-directed by Brillante Mendoza and Mellissa Fung, showcasing their vision and style throughout the film. Both directors brought unique perspectives to the project, creating a compelling and captivating story that keeps viewers on the edge of their seats. Overall, ""Captive"" is a must-see film for anyone interested in powerful performances and masterful directing."
34,"[{'h': 'Cargo', 't': 'Anurag Kashyap', 'r': 'produce', 'c': 0.033393514342606005}, {'h': 'Cargo', 't': 'Andrea Calderwood', 'r': 'produce', 'c': 0.063646428287029}, {'h': 'a movie', 't': 'Andrea Calderwood', 'r': 'produce', 'c': 0.103516936302185}, {'h': 'a movie', 't': 'Anurag Kashyap', 'r': 'produce', 'c': 0.073264022357761}, {'h': 'The direction', 't': 'François Girard', 'r': 'handle', 'c': 0.138615507632493}, {'h': 'The direction', 't': 'the movie', 'r': 'handle', 'c': 0.14240574836730902}, {'h': 'The direction', 't': 'Ron Thompson', 'r': 'handle', 'c': 0.13058787211775702}, {'h': 'The direction', 't': 'Ron Thompson', 'r': 'star', 'c': 0.071466010063886}, {'h': 'The direction', 't': 'David Gulpilil', 'r': 'handle', 'c': 0.124156512320041}, {'h': 'François Girard', 't': 'David Gulpilil', 'r': 'star', 'c': 0.042910207062959005}, {'h': 'François Girard', 't': 'Ron Thompson', 'r': 'star', 'c': 0.054269203916192006}, {'h': 'the movie', 't': 'David Gulpilil', 'r': 'star', 'c': 0.10362377949059001}, {'h': 'The direction', 't': 'David Gulpilil', 'r': 'star', 'c': 0.060107013210654}, {'h': 'the movie', 't': 'Ron Thompson', 'r': 'star', 'c': 0.11498277634382201}]","In the world of cinema, there are a number of movies that are known for their standout performances and distinct directors. One such movie is directed by Alfonso Brescia and features a talented cast including Vittorio Mezzogiorno, Rosalind Knight, Bill Owen, Roy Castle, and Paul L. Smith. Each of these actors played a significant role in the success of the movie, with Paul L. Smith appearing in multiple starring roles. The performances of Mezzogiorno, Knight, and Castle were also noteworthy, making this film a must-see for any fan of the art form."
35,"[{'h': 'The film', 't': 'Paul Davidson', 'r': 'produce', 'c': 0.09152415022253901}, {'h': 'The film', 't': 'Alexandre Kamenka', 'r': 'produce', 'c': 0.08418500982224901}, {'h': 'The film', 't': 'Emiliano Piedra', 'r': 'produce', 'c': 0.073746185749769}, {'h': 'The film', 't': 'Valerie Buhagiar', 'r': 'produce', 'c': 0.10540341958403501}, {'h': 'The film', 't': 'Giuseppe Maria Scotese', 'r': 'produce', 'c': 0.071245538070797}, {'h': 'The film', 't': 'Cecil Arthur Lewis', 'r': 'produce', 'c': 0.07104003150016}, {'h': 'The cinematography', 't': 'Tonino Guerra', 'r': 'write', 'c': 0.047807006165385}, {'h': 'Ubaldo Arata', 't': 'Tonino Guerra', 'r': 'write', 'c': 0.042665518820285006}, {'h': 'The cinematography', 't': 'the screenplay', 'r': 'handle', 'c': 0.084302064031362}, {'h': 'the screenplay', 't': 'Tonino Guerra', 'r': 'write', 'c': 0.06694559752941101}, {'h': 'The cinematography', 't': 'Ubaldo Arata', 'r': 'handle', 'c': 0.07484563812613401}, {'h': 'The cinematography', 't': 'Tonino Guerra', 'r': 'handle', 'c': 0.06671028956770801}]","The movie ""Caramel"" was written by Scott Storch, and features the music of the band Blur, produced by Mitchell Froom. The director of the movie is Nadine Labaki."
36,"[{'h': 'a movie', 't': 'Saïd Ben Saïd', 'r': 'produce', 'c': 0.072296161204576}, {'h': 'a movie', 't': 'Delphine Gleize', 'r': 'produce', 'c': 0.07480714470148}, {'h': 'Carnage', 't': 'Saïd Ben Saïd', 'r': 'produce', 'c': 0.039226833730936}, {'h': 'Carnage', 't': 'Delphine Gleize', 'r': 'produce', 'c': 0.04173781722784}, {'h': 'The movie', 't': 'Vanessa Feltz', 'r': 'star', 'c': 0.20507496595382602}]","""Caravan"" is a movie that was written by Samson Raphaelson and Sachin Bhowmick. The film features Dennis Price as one of its main stars. Additionally, the movie is associated with Van Morrison, who was one of the artists involved in its production."
37,"[{'h': 'Harley Knoles', 't': 'the production', 'r': 'behind', 'c': 0.069575771689414}, {'h': 'Harley Knoles', 't': 'a producer', 'r': 'list', 'c': 0.07360426522791301}, {'h': 'the director', 't': 'Rob Fraboni', 'r': 'behind', 'c': 0.072903212159872}, {'h': 'Harley Knoles', 't': 'a producer', 'r': 'behind', 'c': 0.041800986975431005}, {'h': 'Harley Knoles', 't': 'Rob Fraboni', 'r': 'behind', 'c': 0.038363527506589}, {'h': 'the director', 't': 'the production', 'r': 'behind', 'c': 0.104115456342697}, {'h': 'the director', 't': 'a producer', 'r': 'list', 'c': 0.077999986708164}, {'h': 'the production', 't': 'a producer', 'r': 'list', 'c': 0.07938227057456901}, {'h': 'the director', 't': 'a producer', 'r': 'behind', 'c': 0.07634067162871301}, {'h': 'Rob Fraboni', 't': 'a producer', 'r': 'list', 'c': 0.068843899294734}, {'h': 'The film', 't': 'Natalie Merchant', 'r': 'feature', 'c': 0.10714656859636301}, {'h': 'The film', 't': 'the artist', 'r': 'feature', 'c': 0.10830462723970401}, {'h': 'The film', 't': 'the actor', 'r': 'feature', 'c': 0.13427714258432302}, {'h': 'The film', 't': 'Yury Yakovlev', 'r': 'feature', 'c': 0.09386122040450501}]","The movie ""Carbon"" features the talented actor Benoît Magimel and also stars Vidharth. The director of this movie is Venu, who has likely brought their own unique vision to the film. With this combination of artist names, audiences can expect a compelling performance from Magimel, a captivating presence from Vidharth and a distinct directorial style from Venu in ""Carbon""."
38,"[{'h': 'Carolina', 't': 'Alessandro Nivola', 'r': 'star', 'c': 0.07241028919816}, {'h': 'a movie', 't': 'Alessandro Nivola', 'r': 'star', 'c': 0.120313521474599}, {'h': 'a movie', 't': 'Robert Young', 'r': 'star', 'c': 0.13758790865540502}, {'h': 'Carolina', 't': 'Robert Young', 'r': 'star', 'c': 0.089684676378965}]","The movie ""Careful"" had Ron Aniello as its producer and Josh Farro and Pawan Kumar as its writers."
39,"[{'h': 'the world', 't': 'artist', 'r': 'excel', 'c': 0.093497194349765}, {'h': 'the world', 't': 'a writer', 'r': 'excel', 'c': 0.09128541499376201}, {'h': 'movies', 't': 'a writer', 'r': 'excel', 'c': 0.09821435809135401}, {'h': 'movies', 't': 'artist', 'r': 'excel', 'c': 0.10042613744735701}, {'h': 'Caroline', 't': 'a writer', 'r': 'excel', 'c': 0.08450763300061201}, {'h': 'a multi-talented artist', 't': 'artist', 'r': 'excel', 'c': 0.09990982711315101}, {'h': 'Caroline', 't': 'artist', 'r': 'excel', 'c': 0.08671941235661501}, {'h': 'a multi-talented artist', 't': 'a writer', 'r': 'excel', 'c': 0.09769804775714801}, {'h': ""Caroline's expertise"", 't': 'productions', 'r': 'undoubtedly', 'c': 0.07743015885353001}, {'h': ""Caroline's expertise"", 't': 'a positive impact', 'r': 'undoubtedly', 'c': 0.08566877245903001}, {'h': ""Caroline's expertise"", 't': 'the movie and entertainment industry', 'r': 'undoubtedly', 'c': 0.07419271394610401}, {'h': 'skills', 't': 'productions', 'r': 'undoubtedly', 'c': 0.087805971503257}, {'h': 'skills', 't': 'a positive impact', 'r': 'undoubtedly', 'c': 0.096044585108757}, {'h': ""Caroline's expertise"", 't': 'productions', 'r': 'elevate', 'c': 0.037842683494091006}, {'h': 'skills', 't': 'the movie and entertainment industry', 'r': 'undoubtedly', 'c': 0.08456852659583}, {'h': 'skills', 't': 'productions', 'r': 'elevate', 'c': 0.036303648725152}, {'h': 'a positive impact', 't': 'the quality', 'r': 'elevate', 'c': 0.040847262367606}, {'h': ""Caroline's expertise"", 't': 'the quality', 'r': 'undoubtedly', 'c': 0.069184282794594}, {'h': 'skills', 't': 'the quality', 'r': 'undoubtedly', 'c': 0.07956009544432101}, {'h': 'skills', 't': 'the quality', 'r': 'elevate', 'c': 0.03831722214818}, {'h': 'a positive impact', 't': 'productions', 'r': 'elevate', 'c': 0.038833688944578004}, {'h': ""Caroline's expertise"", 't': 'the quality', 'r': 'elevate', 'c': 0.039856256917119005}, {'h': 'the movie and entertainment industry', 't': 'the quality', 'r': 'elevate', 'c': 0.043878344818949006}, {'h': 'the movie and entertainment industry', 't': 'productions', 'r': 'elevate', 'c': 0.041864771395921006}]","""Cargo is a movie that was produced by Andrea Calderwood and Anurag Kashyap. The direction was handled by François Girard and the movie stars Ron Thompson and David Gulpilil."
40,"[{'h': 'The movie ""Carousel', 't': 'a number', 'r': 'involve', 'c': 0.09211235120892501}, {'h': 'The movie ""Carousel', 't': 'talented artists', 'r': 'involve', 'c': 0.117884624749422}, {'h': 'Robert Baberske', 't': 'the cinematography', 'r': 'involve', 'c': 0.07359747588634401}, {'h': 'Julius Jaenzon', 't': 'the movie', 'r': 'involve', 'c': 0.052632667124271004}, {'h': 'Julius Jaenzon', 't': 'the cinematography', 'r': 'involve', 'c': 0.071262389421463}, {'h': 'Robert Baberske', 't': 'the movie', 'r': 'involve', 'c': 0.054967753589153005}, {'h': 'Rogét Chahayed', 't': 'the movie', 'r': 'produce', 'c': 0.136114928871393}, {'h': 'Melanie Martinez', 't': 'the production', 'r': 'contribute', 'c': 0.095539595931768}, {'h': 'the cast', 't': 'the production', 'r': 'contribute', 'c': 0.10116249695420201}, {'h': 'an artist', 't': 'the production', 'r': 'contribute', 'c': 0.11167095974087701}]","The movie ""Carmen"" has a star-studded cast, including Rossy de Palma, Paz Vega, Geraldine Farrar, and Theda Bara. The film was produced by Paul Davidson, Alexandre Kamenka, and Emiliano Piedra, and directed by Valerie Buhagiar, Cecil Arthur Lewis, and Giuseppe Maria Scotese. The cinematography was handled by Ubaldo Arata, and the screenplay was written by Tonino Guerra."
41,"[{'h': 'Carrie', 't': 'the past', 'r': 'release', 'c': 0.07757106795907001}, {'h': 'Carrie', 't': 'Betty Buckley', 'r': 'star', 'c': 0.101329088211059}, {'h': 'Carrie', 't': 'Betty Buckley', 'r': 'release', 'c': 0.082488194108009}, {'h': 'the past', 't': 'Betty Buckley', 'r': 'star', 'c': 0.11042914912104601}, {'h': 'a film', 't': 'Betty Buckley', 'r': 'star', 'c': 0.10885867476463301}, {'h': 'a film', 't': 'the past', 'r': 'release', 'c': 0.11912104114890001}, {'h': 'a film', 't': 'Betty Buckley', 'r': 'release', 'c': 0.12403816729784001}, {'h': 'The cinematography', 't': 'Steve Yedlin', 'r': 'handle', 'c': 0.07637986913323401}, {'h': 'The cinematography', 't': 'A.S.C.', 'r': 'handle', 'c': 0.064280709251761}, {'h': 'The cinematography', 't': 'Victor Milner', 'r': 'handle', 'c': 0.09415128454566}, {'h': 'addition', 't': 'Cliff Richard', 'r': 'feature', 'c': 0.085146702826023}, {'h': 'addition', 't': 'some capacity', 'r': 'feature', 'c': 0.090726714581251}, {'h': 'addition', 't': 'Europe', 'r': 'feature', 'c': 0.073583619669079}, {'h': 'the film', 't': 'Europe', 'r': 'feature', 'c': 0.081691922619938}, {'h': 'these artists', 't': 'Europe', 'r': 'feature', 'c': 0.07694917730987001}, {'h': 'the film', 't': 'Cliff Richard', 'r': 'feature', 'c': 0.093255005776882}, {'h': 'the film', 't': 'some capacity', 'r': 'feature', 'c': 0.09883501753211}, {'h': 'these artists', 't': 'some capacity', 'r': 'feature', 'c': 0.094092272222042}, {'h': 'these artists', 't': 'Cliff Richard', 'r': 'feature', 'c': 0.08851226046681401}]",Carnage is a movie that was produced by Saïd Ben Saïd and directed by Delphine Gleize. The movie stars Vanessa Feltz.
42,"[{'h': 'The movie', 't': 'an impressive cast', 'r': 'carry', 'c': 0.050069108605384}, {'h': 'The movie', 't': 'Rita Ora', 'r': 'boast', 'c': 0.043125659227371}, {'h': 'The movie', 't': 'an impressive cast', 'r': 'boast', 'c': 0.060943178832530004}, {'h': 'The movie', 't': 'Martha Wash.', 'r': 'carry', 'c': 0.058398021385073}, {'h': 'The movie', 't': 'producers', 'r': 'carry', 'c': 0.055175662040710005}, {'h': 'The movie', 't': 'Rita Ora', 'r': 'carry', 'c': 0.05719774216413401}, {'h': 'The movie', 't': 'Martha Wash.', 'r': 'boast', 'c': 0.04064323659986201}, {'h': 'The movie', 't': 'producers', 'r': 'boast', 'c': 0.050091546028852005}, {'h': 'The movie', 't': 'artists', 'r': 'carry', 'c': 0.053274825215339}, {'h': 'The movie', 't': 'Lisa Stansfield', 'r': 'boast', 'c': 0.040579279884696}, {'h': 'The movie', 't': 'Lisa Stansfield', 'r': 'carry', 'c': 0.046764329075813}, {'h': 'The movie', 't': 'artists', 'r': 'boast', 'c': 0.053605251014232004}, {'h': ""The film's music"", 't': 'Giorgio Moroder', 'r': 'produce', 'c': 0.105230625718832}, {'h': 'The lyrics', 't': 'M. Shadows', 'r': 'write', 'c': 0.12097758799791301}, {'h': 'The lyrics', 't': 'Lydia Hayward', 'r': 'write', 'c': 0.12216174975037501}]","The movie Carnival has a team of writers and producers, including Robert Riskin, John Sutro, and Peter Svensson. Harley Knoles is the director behind the production, and Rob Fraboni is also listed as a producer. The film features the actor Yury Yakovlev and the artist Natalie Merchant."
